time,lat,lon,trajectory
2025-06-19 00:00:50,78.2282087,15.608,2025_IWOOS_id2
2025-06-19 01:00:52,78.2281689,15.6073213,2025_IWOOS_id2
2025-06-19 02:00:52,78.2282457,15.608242,2025_IWOOS_id2
2025-06-19 03:00:31,78.2282301,15.6075902,2025_IWOOS_id2
2025-06-19 04:00:51,,15.6081626,2025_IWOOS_id2
2025-06-19 05:00:36,78.228206,15.6081692,2025_IWOOS_id2
2025-06-19 06:00:49,78.228219,15.6081375,2025_IWOOS_id2
2025-06-19 07:00:48,78.2617272,15.3317596,2025_IWOOS_id2
2025-06-19 08:00:53,78.2820607,14.5915096,2025_IWOOS_id2
2025-06-19 09:00:58,78.2805655,14.585627,2025_IWOOS_id2
2025-06-19 10:00:53,78.2805783,14.5854434,2025_IWOOS_id2
2025-06-19 11:00:41,78.280486,14.5865355,2025_IWOOS_id2
2025-06-19 12:00:50,78.2805188,14.5879444,2025_IWOOS_id2
2025-06-19 13:00:39,78.2805106,14.5867753,2025_IWOOS_id2
2025-06-19 14:00:55,78.2806464,14.5866663,2025_IWOOS_id2
2025-06-19 15:00:33,78.2806442,14.5865695,2025_IWOOS_id2
2025-06-19 16:00:54,78.2807418,14.5864153,2025_IWOOS_id2
2025-06-19 17:00:40,78.2808824,14.5850493,2025_IWOOS_id2
2025-06-19 18:00:50,78.2810293,14.5846366,2025_IWOOS_id2
2025-06-19 19:00:46,78.2808857,14.5849305,2025_IWOOS_id2
2025-06-19 20:00:46,78.2808391,14.5846049,2025_IWOOS_id2
2025-06-19 21:00:31,78.2808729,14.5845235,2025_IWOOS_id2
2025-06-19 22:00:59,78.2808772,14.5845307,2025_IWOOS_id2
2025-06-19 23:00:37,78.2808496,14.5845581,2025_IWOOS_id2
2025-06-20 00:00:55,78.2807849,14.5851666,2025_IWOOS_id2
2025-06-20 01:00:43,78.2809295,14.5855239,2025_IWOOS_id2
2025-06-20 02:00:54,78.2808762,14.5850706,2025_IWOOS_id2
2025-06-20 03:00:33,78.2809298,14.5853314,2025_IWOOS_id2
2025-06-20 04:01:01,78.2810772,14.5852047,2025_IWOOS_id2
2025-06-20 05:00:43,78.2810809,14.5848021,2025_IWOOS_id2
2025-06-20 06:00:51,78.2810982,14.5847352,2025_IWOOS_id2
2025-06-20 06:25:16,,14.5839979,2025_IWOOS_id2
2025-06-20 07:00:24,78.2810986,14.5837299,2025_IWOOS_id2
2025-06-20 07:15:29,78.2810905,14.5835869,2025_IWOOS_id2
2025-06-20 07:30:31,78.2811126,14.5835174,2025_IWOOS_id2
2025-06-20 07:45:29,78.2811324,14.5833375,2025_IWOOS_id2
2025-06-20 08:00:27,78.281118,14.5834932,2025_IWOOS_id2
2025-06-20 08:30:23,78.2810114,14.5837856,2025_IWOOS_id2
2025-06-20 08:45:30,78.2810244,14.5839398,2025_IWOOS_id2
2025-06-20 09:00:27,78.2810332,14.5841235,2025_IWOOS_id2
2025-06-20 09:15:28,78.2810644,14.58439,2025_IWOOS_id2
2025-06-20 09:30:26,78.2810851,14.5847608,2025_IWOOS_id2
2025-06-20 09:45:26,78.2809662,14.5855781,2025_IWOOS_id2
2025-06-20 10:00:28,78.2808576,14.5850796,2025_IWOOS_id2
2025-06-20 10:45:29,78.2809324,14.5847109,2025_IWOOS_id2
2025-06-20 11:00:29,78.280844,14.5850002,2025_IWOOS_id2
2025-06-20 11:15:28,78.2808937,14.5852061,2025_IWOOS_id2
2025-06-20 11:30:26,78.2808728,14.5848529,2025_IWOOS_id2
2025-06-20 11:45:26,78.2809082,14.5851339,2025_IWOOS_id2
2025-06-20 12:00:29,78.2808969,14.5854923,2025_IWOOS_id2
2025-06-20 12:30:20,78.2807444,14.5875195,2025_IWOOS_id2
2025-06-20 12:45:25,78.2808038,14.5872869,2025_IWOOS_id2
2025-06-20 13:00:26,78.2807828,14.5871694,2025_IWOOS_id2
2025-06-20 13:15:29,78.28079,14.5878996,2025_IWOOS_id2
2025-06-20 13:30:28,78.2807759,14.5885489,2025_IWOOS_id2
2025-06-20 13:45:27,78.28075,14.5886462,2025_IWOOS_id2
2025-06-20 14:00:31,78.2807469,14.5884619,2025_IWOOS_id2
2025-06-20 14:30:21,78.2807271,14.5881345,2025_IWOOS_id2
2025-06-20 14:45:25,78.280702,14.5878395,2025_IWOOS_id2
2025-06-20 15:00:25,78.2807345,14.5878137,2025_IWOOS_id2
2025-06-20 15:15:25,78.2807908,14.5871993,2025_IWOOS_id2
2025-06-20 15:30:30,78.2808174,14.586949,2025_IWOOS_id2
2025-06-20 15:45:31,78.2809778,14.587248,2025_IWOOS_id2
2025-06-20 16:00:26,78.2809625,14.5870617,2025_IWOOS_id2
2025-06-20 16:30:21,78.2809895,14.5870774,2025_IWOOS_id2
2025-06-20 16:45:25,78.2809939,14.5872342,2025_IWOOS_id2
2025-06-20 17:00:31,78.281213,,2025_IWOOS_id2
2025-06-20 17:15:32,78.2811766,14.5875647,2025_IWOOS_id2
2025-06-20 17:30:29,78.2811302,14.5874044,2025_IWOOS_id2
2025-06-20 17:45:29,78.2810147,14.5872424,2025_IWOOS_id2
2025-06-20 18:00:28,78.2809781,14.5871969,2025_IWOOS_id2
2025-06-20 18:30:22,78.2810659,14.5867855,2025_IWOOS_id2
2025-06-20 18:45:29,78.2810162,14.5866461,2025_IWOOS_id2
2025-06-20 19:00:30,78.2809778,14.586483,2025_IWOOS_id2
2025-06-20 19:15:30,78.2811293,14.586366,2025_IWOOS_id2
2025-06-20 19:30:30,78.2811599,14.5864755,2025_IWOOS_id2
2025-06-20 19:45:32,78.2811654,14.586141,2025_IWOOS_id2
2025-06-20 20:00:31,78.2811554,14.5858742,2025_IWOOS_id2
2025-06-20 20:30:22,78.281258,,2025_IWOOS_id2
2025-06-20 20:45:31,78.2812234,14.585773,2025_IWOOS_id2
2025-06-20 21:00:28,78.2812295,14.5860346,2025_IWOOS_id2
2025-06-20 21:15:29,78.2812447,14.5860557,2025_IWOOS_id2
2025-06-20 21:30:32,78.281207,14.5862213,2025_IWOOS_id2
2025-06-20 22:00:53,78.2811903,14.5862892,2025_IWOOS_id2
2025-06-20 23:00:37,78.2810708,14.586229,2025_IWOOS_id2
2025-06-21 00:00:51,78.2808663,14.5858751,2025_IWOOS_id2
2025-06-21 01:00:37,78.2811365,14.5863867,2025_IWOOS_id2
2025-06-21 02:01:16,78.281259,14.5870694,2025_IWOOS_id2
2025-06-21 03:00:35,78.2813072,14.5870363,2025_IWOOS_id2
2025-06-21 04:00:53,78.2813345,,2025_IWOOS_id2
2025-06-21 05:00:53,78.2812023,14.5869743,2025_IWOOS_id2
2025-06-21 05:00:53,78.2812023,14.5869743,2025_IWOOS_id2
2025-06-21 06:00:50,78.2813119,14.5865154,2025_IWOOS_id2
2025-06-21 06:00:50,78.2813119,14.5865154,2025_IWOOS_id2
2025-06-21 07:00:58,78.2812556,14.5862976,2025_IWOOS_id2
2025-06-21 07:00:58,78.2812556,14.5862976,2025_IWOOS_id2
2025-06-21 08:00:50,78.2812999,14.5856432,2025_IWOOS_id2
2025-06-21 08:00:50,78.2812999,14.5856432,2025_IWOOS_id2
2025-06-21 09:00:38,78.2812479,14.5854934,2025_IWOOS_id2
2025-06-21 09:00:38,78.2812479,14.5854934,2025_IWOOS_id2
2025-06-21 10:00:53,78.2814052,14.5851243,2025_IWOOS_id2
2025-06-21 10:00:53,78.2814052,14.5851243,2025_IWOOS_id2
2025-06-21 11:00:35,78.2814557,14.5852037,2025_IWOOS_id2
2025-06-21 12:00:55,78.2814019,14.5855828,2025_IWOOS_id2
2025-06-21 13:00:39,78.2812422,14.5870076,2025_IWOOS_id2
2025-06-21 14:01:24,78.2810873,14.5859125,2025_IWOOS_id2
2025-06-21 15:00:52,78.2808809,14.5905872,2025_IWOOS_id2
2025-06-21 16:01:21,78.2809733,14.5891735,2025_IWOOS_id2
2025-06-21 16:25:11,78.2809349,14.589399,2025_IWOOS_id2
2025-06-21 17:00:27,78.2808984,14.5895339,2025_IWOOS_id2
2025-06-21 17:15:27,78.2809193,14.5895968,2025_IWOOS_id2
2025-06-21 17:30:28,78.2809303,14.5891834,2025_IWOOS_id2
2025-06-21 17:45:33,78.2809936,14.5891694,2025_IWOOS_id2
2025-06-21 18:00:32,78.2809797,14.5891055,2025_IWOOS_id2
2025-06-21 18:30:20,78.2810569,14.5881197,2025_IWOOS_id2
2025-06-21 18:45:27,78.2810263,14.587864,2025_IWOOS_id2
2025-06-21 19:00:32,78.281003,14.5870089,2025_IWOOS_id2
2025-06-21 19:15:29,78.2811237,14.5873114,2025_IWOOS_id2
2025-06-21 19:30:29,78.2811311,14.5875075,2025_IWOOS_id2
2025-06-21 19:45:30,78.2811742,14.5869885,2025_IWOOS_id2
2025-06-21 20:00:33,78.2812025,14.5868175,2025_IWOOS_id2
2025-06-21 20:30:21,78.2812263,14.5870368,2025_IWOOS_id2
2025-06-21 20:45:32,78.281388,14.5860268,2025_IWOOS_id2
2025-06-21 21:00:31,78.2814454,14.585274,2025_IWOOS_id2
2025-06-21 21:15:28,78.2814305,14.585998,2025_IWOOS_id2
2025-06-21 21:30:28,78.2814465,14.5859787,2025_IWOOS_id2
2025-06-21 21:45:30,78.2815575,14.5857964,2025_IWOOS_id2
2025-06-21 22:00:30,78.2816077,14.5853461,2025_IWOOS_id2
2025-06-21 22:30:21,78.2814731,14.5851196,2025_IWOOS_id2
2025-06-21 22:45:32,78.2814796,14.5860027,2025_IWOOS_id2
2025-06-21 23:00:29,78.2814481,14.5860407,2025_IWOOS_id2
2025-06-21 23:15:29,78.2814134,14.5860308,2025_IWOOS_id2
2025-06-21 23:30:30,78.2813835,14.5861296,2025_IWOOS_id2
2025-06-21 23:45:27,78.2813358,14.5862494,2025_IWOOS_id2
2025-06-22 00:00:24,78.2813413,14.5863804,2025_IWOOS_id2
2025-06-22 00:30:21,78.2812276,14.5870076,2025_IWOOS_id2
2025-06-22 00:45:27,78.2811521,14.5866449,2025_IWOOS_id2
2025-06-22 01:00:28,78.2811099,14.5872508,2025_IWOOS_id2
2025-06-22 01:15:27,78.28111,14.5869952,2025_IWOOS_id2
2025-06-22 01:30:24,78.2810908,14.5873513,2025_IWOOS_id2
2025-06-22 01:45:26,78.2810285,14.5875696,2025_IWOOS_id2
2025-06-22 02:00:28,78.2810342,14.5874154,2025_IWOOS_id2
2025-06-22 02:30:21,78.2810173,14.587579,2025_IWOOS_id2
2025-06-22 02:45:28,78.2810188,14.5880938,2025_IWOOS_id2
2025-06-22 03:00:28,78.2809767,14.5885425,2025_IWOOS_id2
2025-06-22 03:15:26,78.2809413,14.5881097,2025_IWOOS_id2
2025-06-22 03:30:27,78.2809508,14.5876722,2025_IWOOS_id2
2025-06-22 03:45:30,78.2810241,14.5872093,2025_IWOOS_id2
2025-06-22 04:00:30,78.2810778,14.5868923,2025_IWOOS_id2
2025-06-22 04:45:30,78.2811027,14.5866741,2025_IWOOS_id2
2025-06-22 05:00:28,78.2810964,14.5869321,2025_IWOOS_id2
2025-06-22 05:15:28,78.2812085,14.5872635,2025_IWOOS_id2
2025-06-22 05:30:28,78.2810251,14.586901,2025_IWOOS_id2
2025-06-22 05:45:28,78.2812147,14.5865337,2025_IWOOS_id2
2025-06-22 06:00:30,78.2812085,14.5866234,2025_IWOOS_id2
2025-06-22 06:30:23,78.2814244,14.5859602,2025_IWOOS_id2
2025-06-22 06:45:29,78.2814022,14.5862834,2025_IWOOS_id2
2025-06-22 07:00:29,78.2813461,14.5863932,2025_IWOOS_id2
2025-06-22 07:15:28,78.2813709,14.5860805,2025_IWOOS_id2
2025-06-22 07:30:29,78.2813822,14.5860756,2025_IWOOS_id2
2025-06-22 07:45:29,78.2813486,14.5859596,2025_IWOOS_id2
2025-06-22 08:00:30,78.2813353,14.5858802,2025_IWOOS_id2
2025-06-22 08:30:19,78.2813063,14.5858066,2025_IWOOS_id2
2025-06-22 08:45:30,78.281299,14.5857995,2025_IWOOS_id2
2025-06-22 09:00:29,78.2812755,14.5857688,2025_IWOOS_id2
2025-06-22 09:15:31,78.281259,14.5857021,2025_IWOOS_id2
2025-06-22 09:30:32,78.2812265,14.5856286,2025_IWOOS_id2
2025-06-22 09:45:28,78.2811979,14.5856536,2025_IWOOS_id2
2025-06-22 10:00:29,78.2811621,14.585525,2025_IWOOS_id2
2025-06-22 10:30:18,78.2811374,14.5853196,2025_IWOOS_id2
2025-06-22 10:45:31,78.2811357,14.5852569,2025_IWOOS_id2
2025-06-22 11:00:30,,14.5856327,2025_IWOOS_id2
2025-06-22 11:15:30,78.2811291,14.5857591,2025_IWOOS_id2
2025-06-22 11:30:29,78.2811277,14.5856367,2025_IWOOS_id2
2025-06-22 11:45:27,78.2811069,14.5852202,2025_IWOOS_id2
2025-06-22 12:00:28,78.2811292,14.5852555,2025_IWOOS_id2
2025-06-22 12:45:28,78.281259,14.5854874,2025_IWOOS_id2
2025-06-22 13:00:30,78.2812284,14.5854357,2025_IWOOS_id2
2025-06-22 13:15:29,78.2811907,,2025_IWOOS_id2
2025-06-22 13:30:30,78.2812176,14.5854255,2025_IWOOS_id2
2025-06-22 13:45:31,78.2812393,14.5855649,2025_IWOOS_id2
2025-06-22 14:00:30,78.281244,14.5856299,2025_IWOOS_id2
2025-06-22 14:45:30,78.2810764,14.5864137,2025_IWOOS_id2
2025-06-22 15:00:28,78.2810375,14.5866752,2025_IWOOS_id2
2025-06-22 16:00:54,78.2810656,14.5863562,2025_IWOOS_id2
2025-06-22 17:00:40,78.2809813,14.5862885,2025_IWOOS_id2
2025-06-22 18:00:55,78.2810699,14.5862238,2025_IWOOS_id2
2025-06-22 19:00:32,78.281232,14.586473,2025_IWOOS_id2
2025-06-22 20:00:51,78.2811644,14.5862065,2025_IWOOS_id2
2025-06-22 21:00:38,78.2811835,14.5859764,2025_IWOOS_id2
2025-06-22 22:00:52,78.2811369,14.5856621,2025_IWOOS_id2
2025-06-22 23:00:36,78.2811401,14.5857282,2025_IWOOS_id2
2025-06-23 00:00:53,78.2811649,14.5861366,2025_IWOOS_id2
2025-06-23 01:00:37,78.2811737,14.585459,2025_IWOOS_id2
2025-06-23 02:01:15,78.2811045,14.5861333,2025_IWOOS_id2
2025-06-23 03:00:37,78.2811122,14.5858788,2025_IWOOS_id2
2025-06-23 04:00:53,78.2811,14.5859542,2025_IWOOS_id2
2025-06-23 05:00:39,78.2811124,,2025_IWOOS_id2
2025-06-23 06:00:58,78.2813254,14.5859412,2025_IWOOS_id2
2025-06-23 07:00:43,78.2813022,14.5859433,2025_IWOOS_id2
2025-06-23 08:01:13,78.2814237,14.5860354,2025_IWOOS_id2
2025-06-23 09:00:40,78.2812438,14.5863863,2025_IWOOS_id2
2025-06-23 10:01:26,78.2812091,14.5869121,2025_IWOOS_id2
2025-06-23 11:00:38,78.281216,14.5859985,2025_IWOOS_id2
2025-06-23 12:00:51,78.2811108,14.5859066,2025_IWOOS_id2
2025-06-23 13:00:59,78.2809563,14.585333,2025_IWOOS_id2
2025-06-23 14:00:51,78.2809304,14.5846179,2025_IWOOS_id2
2025-06-23 15:00:58,78.2807856,14.5844511,2025_IWOOS_id2
2025-06-23 16:00:55,78.2808731,14.5847773,2025_IWOOS_id2
2025-06-23 17:00:38,78.281008,14.5851264,2025_IWOOS_id2
2025-06-23 18:01:22,78.281182,14.584857,2025_IWOOS_id2
2025-06-23 19:00:37,78.2812392,14.5857491,2025_IWOOS_id2
2025-06-23 20:00:54,78.2812048,14.5863096,2025_IWOOS_id2
2025-06-23 21:00:34,78.2811558,14.5860247,2025_IWOOS_id2
2025-06-23 22:01:13,78.2810925,14.5858832,2025_IWOOS_id2
2025-06-23 23:00:53,78.2809291,14.58545,2025_IWOOS_id2
2025-06-24 00:00:53,78.2807582,14.5845017,2025_IWOOS_id2
2025-06-24 01:00:31,78.2807755,14.5853176,2025_IWOOS_id2
2025-06-24 03:00:35,78.2807919,14.5849319,2025_IWOOS_id2
2025-06-24 04:00:51,78.2808409,14.5850867,2025_IWOOS_id2
2025-06-24 05:00:52,78.2808823,14.5855928,2025_IWOOS_id2
2025-06-24 06:00:49,78.280922,14.5853482,2025_IWOOS_id2
2025-06-24 07:00:50,78.2808148,14.5854741,2025_IWOOS_id2
2025-06-24 08:00:52,78.2808913,14.585867,2025_IWOOS_id2
2025-06-24 09:00:38,78.2809989,14.5860492,2025_IWOOS_id2
2025-06-24 10:00:52,78.2810151,14.5852394,2025_IWOOS_id2
2025-06-24 11:00:38,78.2809306,14.5848898,2025_IWOOS_id2
2025-06-24 12:00:49,78.2808057,14.5849167,2025_IWOOS_id2
2025-06-24 13:00:35,78.2807852,,2025_IWOOS_id2
2025-06-24 14:00:49,78.280754,14.5848436,2025_IWOOS_id2
2025-06-24 15:00:38,78.2807883,14.5847021,2025_IWOOS_id2
2025-06-24 16:00:53,78.280734,14.5851483,2025_IWOOS_id2
2025-06-24 17:00:41,78.2808344,14.5854226,2025_IWOOS_id2
2025-06-24 18:01:14,78.2809421,14.5855605,2025_IWOOS_id2
2025-06-24 19:00:38,78.2810171,14.5854579,2025_IWOOS_id2
2025-06-24 20:00:53,78.2810018,14.5856387,2025_IWOOS_id2
2025-06-24 22:00:53,78.2810115,14.5859743,2025_IWOOS_id2
2025-06-24 23:00:40,78.2810039,14.5857523,2025_IWOOS_id2
2025-06-25 00:01:16,78.2808956,14.5850693,2025_IWOOS_id2
2025-06-25 01:00:41,78.2808031,14.5852687,2025_IWOOS_id2
2025-06-25 02:01:20,78.2807523,14.5851971,2025_IWOOS_id2
2025-06-25 03:00:37,78.2807958,14.5849466,2025_IWOOS_id2
2025-06-25 04:00:50,78.2808035,14.5857234,2025_IWOOS_id2
2025-06-25 05:00:35,78.2808989,14.5864253,2025_IWOOS_id2
2025-06-25 06:00:51,78.2810456,14.5856019,2025_IWOOS_id2
2025-06-25 07:00:54,78.2809088,14.5872384,2025_IWOOS_id2
2025-06-25 08:00:53,78.2810945,14.5866638,2025_IWOOS_id2
2025-06-25 09:00:41,78.2810936,14.5874118,2025_IWOOS_id2
2025-06-25 10:00:52,78.2810597,14.5868499,2025_IWOOS_id2
2025-06-25 11:00:52,78.2811365,14.5852915,2025_IWOOS_id2
2025-06-25 12:01:23,78.2808481,14.586256,2025_IWOOS_id2
2025-06-25 13:00:52,78.2808979,14.5847714,2025_IWOOS_id2
2025-06-25 14:00:54,78.281115,14.5842496,2025_IWOOS_id2
2025-06-25 15:00:45,78.2811061,14.586286,2025_IWOOS_id2
2025-06-25 16:01:15,78.2812135,14.5846838,2025_IWOOS_id2
2025-06-25 17:00:36,78.2811597,14.5864612,2025_IWOOS_id2
2025-06-25 18:00:53,78.281273,14.5865039,2025_IWOOS_id2
2025-06-25 19:00:40,78.2813329,14.5869693,2025_IWOOS_id2
2025-06-25 20:01:14,78.2812903,14.5873097,2025_IWOOS_id2
2025-06-25 21:00:40,78.2809759,14.5874654,2025_IWOOS_id2
2025-06-25 22:00:50,78.2811178,14.5893288,2025_IWOOS_id2
2025-06-25 23:00:38,78.2814613,14.5856521,2025_IWOOS_id2
2025-06-26 00:01:17,78.2815441,14.5850979,2025_IWOOS_id2
2025-06-26 01:00:38,78.2814703,14.5843461,2025_IWOOS_id2
2025-06-26 02:00:51,78.2815107,14.5852811,2025_IWOOS_id2
2025-06-26 03:00:32,78.2812147,14.5847409,2025_IWOOS_id2
2025-06-26 04:00:52,78.2810801,14.5844077,2025_IWOOS_id2
2025-06-26 05:00:34,78.2811092,14.5839173,2025_IWOOS_id2
2025-06-26 06:00:54,78.281344,14.5846624,2025_IWOOS_id2
2025-06-26 07:00:37,78.2816541,14.5848221,2025_IWOOS_id2
2025-06-26 08:00:56,78.2818287,14.5848825,2025_IWOOS_id2
2025-06-26 09:00:41,78.2819049,14.5853268,2025_IWOOS_id2
2025-06-26 10:00:54,78.2821442,14.5854687,2025_IWOOS_id2
2025-06-26 11:00:42,78.2821801,14.5865541,2025_IWOOS_id2
2025-06-26 12:00:51,78.2820544,14.5856184,2025_IWOOS_id2
2025-06-26 13:00:35,78.2817141,14.5848577,2025_IWOOS_id2
2025-06-26 14:00:47,78.2815563,14.5846225,2025_IWOOS_id2
2025-06-26 15:00:40,78.2814824,14.5844329,2025_IWOOS_id2
2025-06-26 16:00:52,78.2816872,14.5840989,2025_IWOOS_id2
2025-06-26 17:00:40,78.2815961,14.5837544,2025_IWOOS_id2
2025-06-26 18:00:51,78.2816911,14.5844707,2025_IWOOS_id2
2025-06-26 19:00:40,78.2819075,14.585033,2025_IWOOS_id2
2025-06-26 20:00:53,78.281683,14.586358,2025_IWOOS_id2
2025-06-26 21:00:39,78.2821143,14.5857335,2025_IWOOS_id2
2025-06-26 22:00:54,78.2824488,14.5871907,2025_IWOOS_id2
2025-06-26 23:00:39,78.2825011,14.5879235,2025_IWOOS_id2
2025-06-27 00:01:14,78.2820366,14.5863443,2025_IWOOS_id2
2025-06-27 01:00:37,78.2812954,14.5855852,2025_IWOOS_id2
2025-06-27 02:00:51,78.2811666,14.584544,2025_IWOOS_id2
2025-06-27 03:00:36,78.2813572,14.5843049,2025_IWOOS_id2
2025-06-27 04:00:49,78.281396,14.5840353,2025_IWOOS_id2
2025-06-27 05:00:37,78.2813922,14.5838771,2025_IWOOS_id2
2025-06-27 06:01:14,78.2816442,14.5839013,2025_IWOOS_id2
2025-06-27 07:00:41,78.2817153,14.5842761,2025_IWOOS_id2
2025-06-27 08:00:52,78.2819789,14.5845959,2025_IWOOS_id2
2025-06-27 09:00:40,78.2818396,14.5853214,2025_IWOOS_id2
2025-06-27 10:00:53,78.2820712,14.5854606,2025_IWOOS_id2
2025-06-27 11:00:38,78.2822755,14.58618,2025_IWOOS_id2
2025-06-27 12:00:52,78.2822057,14.5858855,2025_IWOOS_id2
2025-06-27 13:00:32,78.2818273,14.5851839,2025_IWOOS_id2
2025-06-27 14:00:52,78.2817214,14.5846157,2025_IWOOS_id2
2025-06-27 15:00:39,78.2818011,14.5840349,2025_IWOOS_id2
2025-06-27 16:00:53,78.2817845,14.5840812,2025_IWOOS_id2
2025-06-27 17:00:39,78.2817403,14.5839766,2025_IWOOS_id2
2025-06-27 18:00:53,78.2817212,14.5842303,2025_IWOOS_id2
2025-06-27 19:00:38,78.2818203,14.5844888,2025_IWOOS_id2
2025-06-27 20:00:52,78.2820401,14.5854937,2025_IWOOS_id2
2025-06-27 21:00:37,78.2822271,14.5857743,2025_IWOOS_id2
2025-06-27 22:00:51,78.2821499,14.58565,2025_IWOOS_id2
2025-06-27 23:00:36,78.2821542,14.5857304,2025_IWOOS_id2
2025-06-28 00:00:55,78.2822878,14.5860556,2025_IWOOS_id2
2025-06-28 01:00:52,78.2822277,14.5857471,2025_IWOOS_id2
2025-06-28 02:00:52,78.2820321,14.5845239,2025_IWOOS_id2
2025-06-28 03:00:42,78.2818785,14.5838321,2025_IWOOS_id2
2025-06-28 04:00:49,78.2818944,14.5837471,2025_IWOOS_id2
2025-06-28 05:00:34,78.2819366,14.5836048,2025_IWOOS_id2
2025-06-28 06:01:21,78.2820005,14.5834527,2025_IWOOS_id2
2025-06-28 07:00:35,78.2821768,14.5834169,2025_IWOOS_id2
2025-06-28 08:00:53,78.2824603,14.584649,2025_IWOOS_id2
2025-06-28 09:00:39,78.2824776,14.5854649,2025_IWOOS_id2
2025-06-28 10:00:49,78.2825178,14.5856643,2025_IWOOS_id2
2025-06-28 11:00:37,78.2823517,14.5857304,2025_IWOOS_id2
2025-06-28 12:00:52,78.2823989,14.5853568,2025_IWOOS_id2
2025-06-28 13:00:39,78.2822887,14.5851465,2025_IWOOS_id2
2025-06-28 14:01:22,78.2819499,14.5843872,2025_IWOOS_id2
2025-06-28 15:01:08,78.2818597,14.5837943,2025_IWOOS_id2
2025-06-28 16:00:52,78.2819115,14.5837371,2025_IWOOS_id2
2025-06-28 17:00:52,78.2818562,14.5844662,2025_IWOOS_id2
2025-06-28 18:01:21,78.2815835,14.5841593,2025_IWOOS_id2
2025-06-28 19:00:53,78.2814934,14.5844679,2025_IWOOS_id2
2025-06-28 20:00:50,78.2818071,14.58564,2025_IWOOS_id2
2025-06-28 22:01:54,78.2815498,14.5851672,2025_IWOOS_id2
2025-06-28 23:00:38,78.2817847,14.5844577,2025_IWOOS_id2
2025-06-29 00:01:16,78.2818181,14.5843718,2025_IWOOS_id2
2025-06-29 01:01:11,78.2819969,14.5850769,2025_IWOOS_id2
2025-06-29 02:00:54,78.2819533,14.5838591,2025_IWOOS_id2
2025-06-29 03:00:51,78.2817229,14.5835682,2025_IWOOS_id2
2025-06-29 04:01:03,78.281679,14.5833648,2025_IWOOS_id2
2025-06-29 05:00:58,78.2817791,14.5829482,2025_IWOOS_id2
2025-06-29 06:01:33,78.2815468,14.5827055,2025_IWOOS_id2
2025-06-29 07:01:30,78.2814594,14.5823456,2025_IWOOS_id2
2025-06-29 08:01:16,78.2815006,14.5845502,2025_IWOOS_id2
2025-06-29 09:01:11,78.2815112,14.5847879,2025_IWOOS_id2
2025-06-29 10:00:51,78.2813001,14.5857212,2025_IWOOS_id2
2025-06-29 11:00:36,78.2812714,14.5852651,2025_IWOOS_id2
2025-06-29 12:00:54,78.2811976,14.5851882,2025_IWOOS_id2
2025-06-29 13:00:38,78.2816333,14.5860329,2025_IWOOS_id2
2025-06-29 14:01:19,78.2813466,14.5851513,2025_IWOOS_id2
2025-06-29 15:00:51,78.2815787,14.5845998,2025_IWOOS_id2
2025-06-29 16:00:52,78.2813618,14.583777,2025_IWOOS_id2
2025-06-29 17:00:45,78.2814057,14.5838787,2025_IWOOS_id2
2025-06-29 18:01:14,78.2813344,14.5837521,2025_IWOOS_id2
2025-06-29 19:00:53,78.2811445,14.5846805,2025_IWOOS_id2
2025-06-29 20:00:50,78.2810876,14.5844614,2025_IWOOS_id2
2025-06-29 21:00:29,78.2810326,14.5862861,2025_IWOOS_id2
2025-06-29 22:00:50,78.2809554,14.5872955,2025_IWOOS_id2
2025-06-29 23:00:39,78.2809988,14.586846,2025_IWOOS_id2
2025-06-30 00:00:56,78.2810936,14.5862957,2025_IWOOS_id2
2025-06-30 01:00:53,78.2811598,14.5859034,2025_IWOOS_id2
2025-06-30 02:00:52,78.2811587,14.5861208,2025_IWOOS_id2
2025-06-30 03:00:37,78.2810589,14.5856636,2025_IWOOS_id2
2025-06-30 04:01:20,78.2809909,14.5851017,2025_IWOOS_id2
2025-06-30 05:00:37,78.280875,14.5854192,2025_IWOOS_id2
2025-06-30 06:00:51,78.28097,14.5854035,2025_IWOOS_id2
2025-06-30 07:00:39,78.2808144,14.5861985,2025_IWOOS_id2
2025-06-30 08:00:48,78.2807471,14.5860699,2025_IWOOS_id2
2025-06-30 09:00:39,78.2809483,14.5864235,2025_IWOOS_id2
2025-06-30 10:00:52,78.2809205,14.5873041,2025_IWOOS_id2
2025-06-30 11:00:38,78.2810683,14.5863872,2025_IWOOS_id2
2025-06-30 12:00:53,78.2812128,14.5870545,2025_IWOOS_id2
2025-06-30 13:00:38,78.2812439,14.5862027,2025_IWOOS_id2
2025-06-30 14:00:48,78.2811371,14.5865084,2025_IWOOS_id2
2025-06-30 15:00:38,78.2811083,14.5858249,2025_IWOOS_id2
2025-06-30 16:00:52,78.281114,14.5852722,2025_IWOOS_id2
2025-06-30 17:00:38,78.281157,14.5846541,2025_IWOOS_id2
2025-06-30 18:00:52,78.2812025,14.584881,2025_IWOOS_id2
2025-06-30 19:00:39,78.2811086,14.5849667,2025_IWOOS_id2
2025-06-30 20:00:49,78.2810483,14.5843838,2025_IWOOS_id2
2025-06-30 21:00:40,78.2812186,14.5842742,2025_IWOOS_id2
2025-06-30 22:01:03,78.2811824,14.5853209,2025_IWOOS_id2
2025-06-30 23:00:42,78.2811708,14.5850376,2025_IWOOS_id2
2025-07-01 00:00:51,78.2810336,14.5849244,2025_IWOOS_id2
2025-07-01 01:00:35,78.2810549,14.5856024,2025_IWOOS_id2
2025-07-01 06:25:07,,14.5846718,2025_IWOOS_id2
2025-07-01 07:00:25,78.2810957,14.5853176,2025_IWOOS_id2
2025-07-01 08:00:54,78.281093,14.5852239,2025_IWOOS_id2
2025-07-01 09:00:40,78.2810873,14.5855586,2025_IWOOS_id2
2025-07-01 10:00:51,78.2810224,14.5859031,2025_IWOOS_id2
2025-07-01 11:00:35,78.2811668,14.5859235,2025_IWOOS_id2
2025-07-01 12:01:26,78.2813232,14.5858005,2025_IWOOS_id2
2025-07-01 13:00:37,78.2813505,14.586297,2025_IWOOS_id2
2025-07-01 14:01:15,78.2813426,14.5855273,2025_IWOOS_id2
2025-07-01 15:00:53,78.2813859,14.5853549,2025_IWOOS_id2
2025-07-01 16:00:50,,14.5856326,2025_IWOOS_id2
2025-07-01 17:01:12,78.2814214,14.5850423,2025_IWOOS_id2
2025-07-01 18:01:17,78.2814018,14.5848846,2025_IWOOS_id2
2025-07-01 19:00:37,78.2813518,14.5852905,2025_IWOOS_id2
2025-07-01 20:01:16,78.2811232,14.5859669,2025_IWOOS_id2
2025-07-01 21:00:38,78.281175,14.5854997,2025_IWOOS_id2
2025-07-01 22:01:56,78.2811259,14.5858418,2025_IWOOS_id2
2025-07-01 23:00:40,78.2810363,14.5858782,2025_IWOOS_id2
2025-07-02 00:01:27,78.2811787,14.5857942,2025_IWOOS_id2
2025-07-02 01:01:03,78.2816648,14.5846789,2025_IWOOS_id2
2025-07-02 02:01:19,78.2814249,14.5846424,2025_IWOOS_id2
2025-07-02 03:00:45,78.2817139,14.5839686,2025_IWOOS_id2
2025-07-02 04:01:21,78.2817394,14.5840928,2025_IWOOS_id2
2025-07-02 05:00:36,78.2816681,14.5837335,2025_IWOOS_id2
2025-07-02 06:01:44,78.2814889,,2025_IWOOS_id2
2025-07-02 07:00:53,78.2815575,14.5837382,2025_IWOOS_id2
2025-07-02 08:00:51,78.2813256,14.5838335,2025_IWOOS_id2
2025-07-02 09:01:02,78.2810731,14.5842126,2025_IWOOS_id2
2025-07-02 10:01:20,78.281011,14.5851071,2025_IWOOS_id2
2025-07-02 11:00:40,78.2810243,14.5860906,2025_IWOOS_id2
2025-07-02 12:01:18,78.2809404,14.5863168,2025_IWOOS_id2
2025-07-02 13:00:42,78.2809057,14.5860586,2025_IWOOS_id2
2025-07-02 14:00:57,78.2809132,14.5860784,2025_IWOOS_id2
2025-07-02 15:00:50,78.2814351,14.5849533,2025_IWOOS_id2
2025-07-02 16:01:22,78.2816039,14.585135,2025_IWOOS_id2
2025-07-02 17:00:37,78.2818465,14.5851231,2025_IWOOS_id2
2025-07-02 18:00:47,78.2816684,,2025_IWOOS_id2
2025-07-02 19:00:34,78.2809816,14.5851731,2025_IWOOS_id2
2025-07-02 20:01:21,78.280913,14.5851281,2025_IWOOS_id2
2025-07-02 21:00:31,78.2809128,14.5853678,2025_IWOOS_id2
2025-07-02 22:00:52,78.2809819,14.5838304,2025_IWOOS_id2
2025-07-02 23:00:33,78.2811238,14.5835593,2025_IWOOS_id2
2025-07-03 00:01:51,78.2811296,14.584604,2025_IWOOS_id2
2025-07-03 01:00:35,78.2812387,14.5846791,2025_IWOOS_id2
2025-07-03 02:00:52,78.281101,14.5845935,2025_IWOOS_id2
2025-07-03 03:01:50,78.2812119,14.5837183,2025_IWOOS_id2
2025-07-03 04:01:31,78.2810896,14.5837266,2025_IWOOS_id2
2025-07-03 05:00:36,78.2810547,,2025_IWOOS_id2
2025-07-03 06:01:25,78.2810061,14.5839122,2025_IWOOS_id2
2025-07-03 07:00:37,78.2808903,14.5837146,2025_IWOOS_id2
2025-07-03 08:00:52,78.2809222,14.5838383,2025_IWOOS_id2
2025-07-03 09:01:16,78.2810075,14.5837127,2025_IWOOS_id2
2025-07-03 10:00:53,78.2810166,14.5833403,2025_IWOOS_id2
2025-07-03 11:00:41,78.2808174,14.5844002,2025_IWOOS_id2
2025-07-03 12:01:31,78.2808655,14.583382,2025_IWOOS_id2
2025-07-03 13:00:52,78.2810075,14.5838225,2025_IWOOS_id2
2025-07-03 14:01:22,78.2809539,14.5841181,2025_IWOOS_id2
2025-07-03 15:00:37,78.2808645,14.5842538,2025_IWOOS_id2
2025-07-03 16:02:28,78.2809118,14.5842274,2025_IWOOS_id2
2025-07-03 17:00:35,78.2810026,,2025_IWOOS_id2
2025-07-03 18:00:54,78.2807506,14.5840594,2025_IWOOS_id2
2025-07-03 19:00:43,78.2808348,14.5843018,2025_IWOOS_id2
2025-07-03 20:01:20,78.2809191,14.5840472,2025_IWOOS_id2
2025-07-03 21:00:40,78.2809454,14.5837517,2025_IWOOS_id2
2025-07-03 22:01:24,78.2809623,14.5839463,2025_IWOOS_id2
2025-07-03 23:00:52,78.2808185,14.5836952,2025_IWOOS_id2
2025-07-04 00:00:52,,14.5837551,2025_IWOOS_id2
2025-07-04 01:00:41,78.2808556,14.5843603,2025_IWOOS_id2
2025-07-04 02:00:55,78.2810128,14.5843282,2025_IWOOS_id2
2025-07-04 03:00:35,78.2813647,14.5839521,2025_IWOOS_id2
2025-07-04 04:01:14,78.2810645,14.5840415,2025_IWOOS_id2
2025-07-04 05:00:37,78.2809987,14.5844849,2025_IWOOS_id2
2025-07-04 06:00:46,78.2809806,14.584394,2025_IWOOS_id2
2025-07-04 07:00:37,78.2809998,14.5841384,2025_IWOOS_id2
2025-07-04 08:00:51,78.280912,14.5841784,2025_IWOOS_id2
2025-07-04 09:00:44,78.2808432,14.5844068,2025_IWOOS_id2
2025-07-04 10:00:52,78.2808281,14.5843994,2025_IWOOS_id2
2025-07-04 11:00:37,78.2808158,14.5841236,2025_IWOOS_id2
2025-07-04 12:25:08,78.2808141,14.5847774,2025_IWOOS_id2
2025-07-04 13:00:24,78.2808362,14.5849092,2025_IWOOS_id2
2025-07-04 13:15:30,78.2808666,14.5849209,2025_IWOOS_id2
2025-07-04 13:30:31,78.2808702,14.5850481,2025_IWOOS_id2
2025-07-04 13:45:29,78.2808871,14.5851372,2025_IWOOS_id2
2025-07-04 14:00:32,78.2808545,14.5851514,2025_IWOOS_id2
2025-07-04 14:30:24,78.2808744,14.5852939,2025_IWOOS_id2
2025-07-04 14:45:30,78.2808569,14.5854155,2025_IWOOS_id2
2025-07-04 15:00:27,78.2808748,14.5855079,2025_IWOOS_id2
2025-07-04 15:15:32,78.2808682,14.5853572,2025_IWOOS_id2
2025-07-04 15:30:29,78.2808813,14.5852689,2025_IWOOS_id2
2025-07-04 15:45:29,78.2808992,14.5853304,2025_IWOOS_id2
2025-07-04 16:00:29,78.2808945,14.5852041,2025_IWOOS_id2
2025-07-04 16:30:23,78.2809737,14.5853176,2025_IWOOS_id2
2025-07-04 16:45:29,78.2809407,14.5853704,2025_IWOOS_id2
2025-07-04 17:00:29,78.2809277,14.5854312,2025_IWOOS_id2
2025-07-04 17:15:31,78.2809456,14.5851782,2025_IWOOS_id2
2025-07-04 17:30:28,78.280953,14.5850776,2025_IWOOS_id2
2025-07-04 17:45:31,78.280954,14.5851957,2025_IWOOS_id2
2025-07-04 18:00:29,78.2809816,14.585133,2025_IWOOS_id2
2025-07-04 18:30:25,78.2809468,14.5849475,2025_IWOOS_id2
2025-07-04 18:45:30,78.2809262,14.5849697,2025_IWOOS_id2
2025-07-04 19:00:27,78.2809034,14.5849937,2025_IWOOS_id2
2025-07-04 19:15:29,78.2809072,14.5848554,2025_IWOOS_id2
2025-07-04 19:30:28,78.2808708,14.5848759,2025_IWOOS_id2
2025-07-04 19:45:29,78.2808508,14.5850617,2025_IWOOS_id2
2025-07-04 20:00:29,78.2808553,14.5850566,2025_IWOOS_id2
2025-07-04 20:30:21,,14.5850087,2025_IWOOS_id2
2025-07-04 20:45:33,78.2808365,14.5850944,2025_IWOOS_id2
2025-07-04 21:00:30,78.2808544,14.5851841,2025_IWOOS_id2
2025-07-04 21:15:31,78.2808362,14.5854019,2025_IWOOS_id2
2025-07-04 21:30:29,78.2808029,14.5854302,2025_IWOOS_id2
2025-07-04 21:45:29,78.280856,14.5852368,2025_IWOOS_id2
2025-07-04 22:00:31,78.2808636,14.5853279,2025_IWOOS_id2
2025-07-04 22:30:22,78.2807788,14.5853416,2025_IWOOS_id2
2025-07-04 22:45:29,78.2807489,14.5851995,2025_IWOOS_id2
2025-07-04 23:00:29,78.2807119,14.5852893,2025_IWOOS_id2
2025-07-04 23:15:33,78.280734,14.5852264,2025_IWOOS_id2
2025-07-04 23:30:29,78.2807333,14.5852813,2025_IWOOS_id2
2025-07-04 23:45:28,78.280744,14.5853094,2025_IWOOS_id2
2025-07-05 00:00:28,78.2807129,14.5854708,2025_IWOOS_id2
2025-07-05 00:45:25,78.2807579,14.5853861,2025_IWOOS_id2
2025-07-05 01:00:29,78.2807766,14.5853002,2025_IWOOS_id2
2025-07-05 01:15:33,78.2807781,14.5853724,2025_IWOOS_id2
2025-07-05 01:30:30,78.280822,14.5852404,2025_IWOOS_id2
2025-07-05 01:45:28,78.2808651,14.5851137,2025_IWOOS_id2
2025-07-05 02:00:31,78.2808996,14.5850028,2025_IWOOS_id2
2025-07-05 02:30:25,78.2808896,14.5850755,2025_IWOOS_id2
2025-07-05 02:45:31,78.2809477,14.5848914,2025_IWOOS_id2
2025-07-05 03:00:28,78.281024,14.5849139,2025_IWOOS_id2
2025-07-05 03:15:29,78.2809951,14.584972,2025_IWOOS_id2
2025-07-05 03:30:28,78.2810309,14.5850108,2025_IWOOS_id2
2025-07-05 03:45:27,78.2810456,14.5849656,2025_IWOOS_id2
2025-07-05 04:00:29,78.2810335,14.584977,2025_IWOOS_id2
2025-07-05 04:30:17,78.2811004,14.5850022,2025_IWOOS_id2
2025-07-05 04:45:28,78.2811428,14.5849358,2025_IWOOS_id2
2025-07-05 05:00:26,78.2811544,14.5851388,2025_IWOOS_id2
2025-07-05 05:15:27,78.2811984,14.5849235,2025_IWOOS_id2
2025-07-05 05:30:27,78.2811989,14.5847895,2025_IWOOS_id2
2025-07-05 05:45:32,78.2811852,14.5849357,2025_IWOOS_id2
2025-07-05 06:00:31,78.2811687,14.5850634,2025_IWOOS_id2
2025-07-05 06:30:23,78.2812032,14.5849457,2025_IWOOS_id2
2025-07-05 06:45:30,78.2812119,14.5848025,2025_IWOOS_id2
2025-07-05 07:00:30,78.2811488,14.5849156,2025_IWOOS_id2
2025-07-05 07:15:30,78.2811133,14.5848833,2025_IWOOS_id2
2025-07-05 07:30:32,78.28106,14.5850632,2025_IWOOS_id2
2025-07-05 07:45:30,78.2810396,14.5850228,2025_IWOOS_id2
2025-07-05 08:00:26,78.2809729,14.5850831,2025_IWOOS_id2
2025-07-05 08:30:22,78.2809338,14.5851247,2025_IWOOS_id2
2025-07-05 08:45:29,78.2809563,14.5852935,2025_IWOOS_id2
2025-07-05 09:00:29,78.2809291,14.5854563,2025_IWOOS_id2
2025-07-05 09:15:29,78.2809859,14.5852823,2025_IWOOS_id2
2025-07-05 09:30:30,78.2809402,14.5852204,2025_IWOOS_id2
2025-07-05 09:45:29,78.280884,14.5856004,2025_IWOOS_id2
2025-07-05 10:00:30,78.2809251,14.5855089,2025_IWOOS_id2
2025-07-05 10:30:22,78.2809711,14.585283,2025_IWOOS_id2
2025-07-05 10:45:28,78.2809109,14.5856687,2025_IWOOS_id2
2025-07-05 11:00:25,78.2809235,14.5856869,2025_IWOOS_id2
2025-07-05 11:15:30,78.2809264,14.5856446,2025_IWOOS_id2
2025-07-05 11:30:27,78.2808949,14.5857445,2025_IWOOS_id2
2025-07-05 11:45:29,78.2808806,14.5861288,2025_IWOOS_id2
2025-07-05 12:00:30,78.28084,14.5862567,2025_IWOOS_id2
2025-07-05 12:30:17,78.2808026,14.5865004,2025_IWOOS_id2
2025-07-05 12:45:28,78.2807901,14.5866537,2025_IWOOS_id2
2025-07-05 13:00:30,78.2807632,14.5865808,2025_IWOOS_id2
2025-07-05 13:15:29,78.2808182,14.5867497,2025_IWOOS_id2
2025-07-05 14:24:50,78.2808569,14.5868299,2025_IWOOS_id2
2025-07-05 15:00:24,78.280884,,2025_IWOOS_id2
2025-07-05 15:15:31,78.2808512,14.5867755,2025_IWOOS_id2
2025-07-05 15:30:31,78.280806,14.5867777,2025_IWOOS_id2
2025-07-05 15:45:30,78.2808244,14.5873701,2025_IWOOS_id2
2025-07-05 16:00:31,,14.5876895,2025_IWOOS_id2
2025-07-05 16:30:18,78.2808124,14.5879004,2025_IWOOS_id2
2025-07-05 16:45:29,78.280831,14.5878926,2025_IWOOS_id2
2025-07-05 17:00:32,78.2808182,14.5873926,2025_IWOOS_id2
2025-07-05 17:15:31,78.2808134,14.5871571,2025_IWOOS_id2
2025-07-05 17:30:30,78.2808279,14.5873041,2025_IWOOS_id2
2025-07-05 17:45:29,78.280845,14.5875293,2025_IWOOS_id2
2025-07-05 18:00:29,78.2808104,14.5875533,2025_IWOOS_id2
